{"cameraMode":{"drawMode":0,"name":"Shaded","section":"Shading Mode"},"sceneLighting":false,"audioPlay":false,"sceneViewState":{"showFog":true,"showMaterialUpdate":false,"showSkybox":true,"showFlares":true,"showImageEffects":true,"showParticleSystems":true},"in2DMode":false,"pivot":{"x":2.9802322387695315e-8,"y":0.1397247314453125,"z":0.0},"rotation":{"x":-0.05493343994021416,"y":0.847875714302063,"z":-0.08962024003267288,"w":-0.5197023153305054},"size":1.8927501440048218,"orthographic":false}