{"cameraMode":{"drawMode":0,"name":"Shaded","section":"Shading Mode"},"sceneLighting":false,"audioPlay":false,"sceneViewState":{"showFog":true,"showMaterialUpdate":false,"showSkybox":false,"showFlares":true,"showImageEffects":true,"showParticleSystems":true},"in2DMode":false,"pivot":{"x":0.33003664016723635,"y":-0.20086669921875,"z":-0.37356942892074587},"rotation":{"x":0.148689866065979,"y":-0.7733556032180786,"z":0.19690291583538056,"w":0.5840030312538147},"size":5.497341156005859,"orthographic":false}