{"cameraMode":{"drawMode":0,"name":"Shaded","section":"Shading Mode"},"sceneLighting":false,"audioPlay":false,"sceneViewState":{"showFog":true,"showMaterialUpdate":false,"showSkybox":false,"showFlares":true,"showImageEffects":true,"showParticleSystems":true},"in2DMode":false,"pivot":{"x":6.329003810882568,"y":1.4530000686645508,"z":5.691516399383545},"rotation":{"x":0.148689866065979,"y":-0.7733556032180786,"z":0.19690291583538056,"w":0.5840030312538147},"size":-0.20265930891036988,"orthographic":false}