{"cameraMode":{"drawMode":0,"name":"Shaded","section":"Shading Mode"},"sceneLighting":false,"audioPlay":false,"sceneViewState":{"showFog":true,"showMaterialUpdate":false,"showSkybox":false,"showFlares":true,"showImageEffects":true,"showParticleSystems":true},"in2DMode":false,"pivot":{"x":6.007999897003174,"y":1.3739999532699586,"z":6.440999984741211},"rotation":{"x":0.162462517619133,"y":0.6382648348808289,"z":-0.1402563601732254,"w":0.7393074631690979},"size":0.5715764164924622,"orthographic":false}