{"cameraMode":{"drawMode":0,"name":"Shaded","section":"Shading Mode"},"sceneLighting":false,"audioPlay":false,"sceneViewState":{"showFog":true,"showMaterialUpdate":false,"showSkybox":false,"showFlares":true,"showImageEffects":true,"showParticleSystems":true},"in2DMode":false,"pivot":{"x":-0.44435521960258486,"y":0.006983615458011627,"z":-0.00001691468060016632},"rotation":{"x":-0.1605606973171234,"y":-0.668493390083313,"z":0.15110962092876435,"w":-0.7102969884872437},"size":2.0657906532287599,"orthographic":false}