{"cameraMode":{"drawMode":0,"name":"Shaded","section":"Shading Mode"},"sceneLighting":false,"audioPlay":false,"sceneViewState":{"showFog":true,"showMaterialUpdate":false,"showSkybox":false,"showFlares":true,"showImageEffects":true,"showParticleSystems":true},"in2DMode":false,"pivot":{"x":0.0011932849884033204,"y":0.013831496238708496,"z":0.13059145212173463},"rotation":{"x":0.1262306272983551,"y":-0.7041703462600708,"z":0.12945537269115449,"w":0.6866362690925598},"size":0.6973408460617065,"orthographic":false}