{"cameraMode":{"drawMode":0,"name":"Shaded","section":"Shading Mode"},"sceneLighting":false,"audioPlay":false,"sceneViewState":{"showFog":true,"showMaterialUpdate":false,"showSkybox":false,"showFlares":true,"showImageEffects":true,"showParticleSystems":true},"in2DMode":false,"pivot":{"x":6.370586395263672,"y":22.984840393066408,"z":4.595256805419922},"rotation":{"x":-0.2643568515777588,"y":0.53889399766922,"z":-0.18297217786312104,"w":-0.7786281704902649},"size":2.442279815673828,"orthographic":false}