{"cameraMode":{"drawMode":0,"name":"Shaded","section":"Shading Mode"},"sceneLighting":false,"audioPlay":false,"sceneViewState":{"showFog":true,"showMaterialUpdate":false,"showSkybox":false,"showFlares":true,"showImageEffects":true,"showParticleSystems":true},"in2DMode":false,"pivot":{"x":0.13771961629390717,"y":-0.4519023597240448,"z":-0.16512846946716309},"rotation":{"x":-0.1273786872625351,"y":-0.036283135414123538,"z":0.004657032899558544,"w":-0.9911944270133972},"size":1.8927624225616456,"orthographic":false}