{"cameraMode":{"drawMode":0,"name":"Shaded","section":"Shading Mode"},"sceneLighting":false,"audioPlay":false,"sceneViewState":{"showFog":true,"showMaterialUpdate":false,"showSkybox":false,"showFlares":true,"showImageEffects":true,"showParticleSystems":true},"in2DMode":false,"pivot":{"x":0.000019885599613189697,"y":1.9334008693695069,"z":-7.897615432739258e-7},"rotation":{"x":0.148689866065979,"y":-0.7733556032180786,"z":0.19690291583538056,"w":0.5840030312538147},"size":5.83303165435791,"orthographic":false}